start transaction;
insert into cities(name) values
('Auroraville');
insert into streets(name, city_id) values
('Maplewood Drive',1),
('Juniper Way',1),
('Chestnut Ave',1),
('Poplar Crescent',1),
('Elmwood Lane',1),
('Laurel Street',1),
('Magnolia Court',1),
('Spruce Lane',1),
('Pinehurst Place',1),
('Cherry Blossom Road',1),
('Birchwood Street',1),
('Hawthorn Court',1),
('Oakwood Boulevard',1),
('Acacia Drive',1),
('Willowdale Road',1),
('Dogwood Avenue',1),
('Sycamore Circle',1),
('Aspen View Lane',1),
('Redwood Terrace',1),
('Cedar Ridge Lane',1);
insert into transit_points() values
(),(),(),(),(),
(),(),(),(),(),
(),(),(),(),(),
(),(),(),(),(),
(),(),(),(),(),
(),(),(),(),(),
(),(),(),(),(),
(),(),(),(),(),
(),(),(),(),(),
(),(),(),(),(),
(),(),(),(),(),
(),(),(),(),(),
(),(),(),(),(),
(),(),(),(),(),
(),(),(),(),(),
(),(),(),(),(),
(),(),(),(),(),
(),(),(),(),(),
(),(),(),(),(),
(),(),(),(),();
insert into distance_between(transit_point_a_id,transit_point_b_id,distance) values
(1,2,450),(2,3,450),(3,4,450),(4,5,450),(5,6,450),(6,7,450),(7,8,450),(8,9,450),(9,10,450),
(11,12,450),(12,13,450),(13,14,450),(14,15,450),(15,16,450),(16,17,450),(17,18,450),(18,19,450),(19,20,450),
(21,22,450),(22,23,450),(23,24,450),(24,25,450),(25,26,450),(26,27,450),(27,28,450),(28,29,450),(29,30,450),
(31,32,450),(32,33,450),(33,34,450),(34,35,450),(35,36,450),(36,37,450),(37,38,450),(38,39,450),(39,40,450),
(41,42,450),(42,43,450),(43,44,450),(44,45,450),(45,46,450),(46,47,450),(47,48,450),(48,49,450),(49,50,450),
(51,52,450),(52,53,450),(53,54,450),(54,55,450),(55,56,450),(56,57,450),(57,58,450),(58,59,450),(59,60,450),
(61,62,450),(62,63,450),(63,64,450),(64,65,450),(65,66,450),(66,67,450),(67,68,450),(68,69,450),(69,70,450),
(71,72,450),(72,73,450),(73,74,450),(74,75,450),(75,76,450),(76,77,450),(77,78,450),(78,79,450),(79,80,450),
(81,82,450),(82,83,450),(83,84,450),(84,85,450),(85,86,450),(86,87,450),(87,88,450),(88,89,450),(89,90,450),
(91,92,450),(92,93,450),(93,94,450),(94,95,450),(95,96,450),(96,97,450),(97,98,450),(98,99,450),(99,100,450)
(1,11,450),(2,12,450),(3,13,450),(4,14,450),(5,15,450),(6,16,450),(7,17,450),(8,18,450),(9,19,450),(10,20,450),
(11,21,450),(12,22,450),(13,23,450),(14,24,450),(15,25,450),(16,26,450),(17,27,450),(18,28,450),(19,29,450),(20,30,450),
(21,31,450),(22,32,450),(23,33,450),(24,34,450),(25,35,450),(26,36,450),(27,37,450),(28,38,450),(29,39,450),(30,40,450),
(31,41,450),(32,42,450),(33,43,450),(34,44,450),(35,45,450),(36,46,450),(37,47,450),(38,48,450),(39,49,450),(40,50,450),
(41,51,450),(42,52,450),(43,53,450),(44,54,450),(45,55,450),(46,56,450),(47,57,450),(48,58,450),(49,59,450),(50,60,450),
(51,61,450),(52,62,450),(53,63,450),(54,64,450),(55,65,450),(56,66,450),(57,67,450),(58,68,450),(59,69,450),(60,70,450),
(61,71,450),(62,72,450),(63,73,450),(64,74,450),(65,75,450),(66,76,450),(67,77,450),(68,78,450),(69,79,450),(70,80,450),
(71,81,450),(72,82,450),(73,83,450),(74,84,450),(75,85,450),(76,86,450),(77,87,450),(78,88,450),(79,89,450),(80,90,450),
(81,91,450),(82,92,450),(83,93,450),(84,94,450),(85,95,450),(86,96,450),(87,97,450),(88,98,450),(89,99,450),(90,100,450);
insert into travel_weights(transit_point_a_id,transit_point_b_id,car_weight) values
(1,2,1.52),(2,3,1.84),(3,4,1.94),(4,5,0.75),(5,6,0.43),(6,7,1.19),(7,8,0.15),(8,9,0.59),(9,10,1.07),
(11,12,1.83),(12,13,1.80),(13,14,1.74),(14,15,0.46),(15,16,1.53),(16,17,1.00),(17,18,1.53),(18,19,1.24),(19,20,1.19),
(21,22,0.48),(22,23,0.69),(23,24,0.70),(24,25,1.21),(25,26,0.59),(26,27,1.51),(27,28,1.15),(28,29,0.17),(29,30,1.62),
(31,32,0.58),(32,33,0.84),(33,34,1.88),(34,35,1.45),(35,36,0.28),(36,37,1.16),(37,38,0.91),(38,39,1.59),(39,40,1.61),
(41,42,0.44),(42,43,1.68),(43,44,0.95),(44,45,0.01),(45,46,0.58),(46,47,0.60),(47,48,0.87),(48,49,0.67),(49,50,0.08),
(51,52,1.54),(52,53,2.00),(53,54,1.05),(54,55,0.39),(55,56,1.63),(56,57,1.43),(57,58,0.75),(58,59,0.84),(59,60,1.38),
(61,62,0.39),(62,63,0.92),(63,64,1.74),(64,65,1.68),(65,66,1.67),(66,67,1.62),(67,68,1.07),(68,69,1.57),(69,70,1.11),
(71,72,1.58),(72,73,1.27),(73,74,1.39),(74,75,1.59),(75,76,1.38),(76,77,1.77),(77,78,1.23),(78,79,1.95),(79,80,1.19),
(81,82,1.12),(82,83,1.50),(83,84,0.70),(84,85,0.89),(85,86,0.72),(86,87,1.87),(87,88,1.55),(88,89,0.49),(89,90,1.71),
(91,92,0.02),(92,93,0.12),(93,94,1.89),(94,95,1.61),(95,96,0.85),(96,97,1.60),(97,98,0.87),(98,99,0.05),(99,100,0.44),
(1,11,0.75),(2,12,1.81),(3,13,1.27),(4,14,0.20),(5,15,0.97),(6,16,1.35),(7,17,0.70),(8,18,0.49),(9,19,1.74),(10,20,0.96),
(11,21,0.39),(12,22,0.29),(13,23,0.70),(14,24,0.48),(15,25,1.18),(16,26,1.38),(17,27,0.01),(18,28,0.20),(19,29,1.59),(20,30,0.87),
(21,31,0.56),(22,32,1.50),(23,33,1.93),(24,34,0.21),(25,35,0.42),(26,36,1.78),(27,37,1.43),(28,38,1.98),(29,39,1.03),(30,40,1.62),
(31,41,1.55),(32,42,0.31),(33,43,0.05),(34,44,0.43),(35,45,1.25),(36,46,0.18),(37,47,0.64),(38,48,0.81),(39,49,0.55),(40,50,1.26),
(41,51,1.17),(42,52,0.36),(43,53,0.22),(44,54,1.82),(45,55,1.25),(46,56,0.01),(47,57,1.26),(48,58,0.44),(49,59,1.64),(50,60,0.23),
(51,61,0.60),(52,62,1.49),(53,63,0.33),(54,64,1.14),(55,65,0.07),(56,66,0.61),(57,67,0.02),(58,68,0.91),(59,69,1.76),(60,70,0.58),
(61,71,1.94),(62,72,1.73),(63,73,0.82),(64,74,0.72),(65,75,1.29),(66,76,0.89),(67,77,1.63),(68,78,1.06),(69,79,0.19),(70,80,1.68),
(71,81,0.38),(72,82,1.19),(73,83,1.39),(74,84,1.26),(75,85,1.34),(76,86,0.36),(77,87,0.13),(78,88,1.86),(79,89,0.16),(80,90,1.84),
(81,91,1.56),(82,92,0.15),(83,93,0.76),(84,94,1.50),(85,95,0.81),(86,96,1.12),(87,97,1.89),(88,98,1.00),(89,99,1.62),(90,100,1.41),
(2,1,1.55),(3,2,1.32),(4,3,0.30),(5,4,0.43),(6,5,0.14),(7,6,0.62),(8,7,0.13),(9,8,0.63),(10,9,0.52),
(12,11,1.99),(13,12,0.57),(14,13,1.63),(15,14,0.88),(16,15,1.14),(17,16,1.76),(18,17,0.08),(19,18,0.84),(20,19,1.62),
(22,21,0.95),(23,22,0.66),(24,23,1.87),(25,24,1.90),(26,25,0.58),(27,26,0.80),(28,27,1.06),(29,28,0.18),(30,29,1.20),
(32,31,1.60),(33,32,0.85),(34,33,1.76),(35,34,0.69),(36,35,0.38),(37,36,0.31),(38,37,1.51),(39,38,1.62),(40,39,0.53),
(42,41,0.52),(43,42,0.85),(44,43,0.01),(45,44,1.58),(46,45,0.64),(47,46,0.72),(48,47,0.53),(49,48,0.33),(50,49,1.14),
(52,51,0.98),(53,52,1.44),(54,53,1.52),(55,54,0.02),(56,55,0.63),(57,56,1.44),(58,57,0.71),(59,58,0.85),(60,59,0.72),
(62,61,0.37),(63,62,1.43),(64,63,1.87),(65,64,1.59),(66,65,1.15),(67,66,1.40),(68,67,1.56),(69,68,1.71),(70,69,1.74),
(72,71,1.66),(73,72,1.58),(74,73,1.50),(75,74,0.22),(76,75,1.75),(77,76,1.33),(78,77,1.06),(79,78,0.52),(80,79,1.10),
(82,81,0.98),(83,82,1.05),(84,83,0.07),(85,84,1.94),(86,85,0.28),(87,86,1.53),(88,87,1.92),(89,88,0.68),(90,89,0.19),
(92,91,0.25),(93,92,0.98),(94,93,1.65),(95,94,1.90),(96,95,1.36),(97,96,0.13),(98,97,0.88),(99,98,0.84),(100,99,0.28),
(11,1,0.45),(12,2,0.73),(13,3,1.74),(14,4,0.35),(15,5,0.99),(16,6,0.19),(17,7,1.01),(18,8,1.48),(19,9,1.06),(20,10,0.66),
(21,11,0.37),(22,12,1.14),(23,13,0.25),(24,14,1.42),(25,15,0.94),(26,16,0.80),(27,17,0.30),(28,18,0.08),(29,19,1.73),(30,20,1.17),
(31,21,1.99),(32,22,1.54),(33,23,0.93),(34,24,0.35),(35,25,0.66),(36,26,0.54),(37,27,0.46),(38,28,1.49),(39,29,1.70),(40,30,1.23),
(41,31,1.27),(42,32,1.47),(43,33,1.18),(44,34,0.53),(45,35,0.65),(46,36,0.67),(47,37,1.66),(48,38,0.82),(49,39,0.80),(50,40,0.86),
(51,41,1.99),(52,42,0.99),(53,43,0.44),(54,44,1.07),(55,45,0.18),(56,46,1.57),(57,47,0.97),(58,48,0.29),(59,49,1.93),(60,50,1.40),
(61,51,1.85),(62,52,0.82),(63,53,1.24),(64,54,0.10),(65,55,0.86),(66,56,1.35),(67,57,1.82),(68,58,0.52),(69,59,1.45),(70,60,1.55),
(71,61,1.15),(72,62,0.06),(73,63,1.03),(74,64,1.81),(75,65,0.40),(76,66,0.13),(77,67,0.09),(78,68,0.41),(79,69,1.68),(80,70,1.59),
(81,71,0.78),(82,72,0.11),(83,73,0.61),(84,74,0.55),(85,75,0.41),(86,76,1.42),(87,77,1.49),(88,78,1.81),(89,79,1.70),(90,80,1.31),
(91,81,0.17),(92,82,1.49),(93,83,1.22),(94,84,1.50),(95,85,0.01),(96,86,1.93),(97,87,0.90),(98,88,0.32),(99,89,1.12),(100,90,1.91);